{"cameraMode":{"drawMode":0,"name":"Shaded","section":"Shading Mode"},"sceneLighting":false,"audioPlay":false,"sceneViewState":{"showFog":true,"showMaterialUpdate":false,"showSkybox":false,"showFlares":true,"showImageEffects":true,"showParticleSystems":true},"in2DMode":false,"pivot":{"x":1.3379325866699219,"y":0.5,"z":1.6153620481491089},"rotation":{"x":0.2211439460515976,"y":-0.4672849178314209,"z":0.12196249514818192,"w":0.8472760915756226},"size":4.055512428283691,"orthographic":false}