{"cameraMode":{"drawMode":0,"name":"Shaded","section":"Shading Mode"},"sceneLighting":false,"audioPlay":false,"sceneViewState":{"showFog":true,"showMaterialUpdate":false,"showSkybox":false,"showFlares":true,"showImageEffects":true,"showParticleSystems":true},"in2DMode":false,"pivot":{"x":-0.01139812171459198,"y":0.0,"z":-0.013553410768508911},"rotation":{"x":0.1642056703567505,"y":-0.023672394454479219,"z":0.003942269831895828,"w":0.9861387610435486},"size":1.9635571241378785,"orthographic":true}