{"cameraMode":{"drawMode":0,"name":"Shaded","section":"Shading Mode"},"sceneLighting":false,"audioPlay":false,"sceneViewState":{"showFog":true,"showMaterialUpdate":false,"showSkybox":false,"showFlares":true,"showImageEffects":true,"showParticleSystems":true},"in2DMode":false,"pivot":{"x":0.6689109206199646,"y":0.5453696250915527,"z":1.8523926734924317},"rotation":{"x":0.015847044065594674,"y":-0.9073728322982788,"z":0.034318260848522189,"w":0.4186584949493408},"size":2.168510675430298,"orthographic":false}