{"cameraMode":{"drawMode":0,"name":"Shaded","section":"Shading Mode"},"sceneLighting":false,"audioPlay":false,"sceneViewState":{"showFog":true,"showMaterialUpdate":false,"showSkybox":false,"showFlares":true,"showImageEffects":true,"showParticleSystems":true},"in2DMode":false,"pivot":{"x":0.0,"y":2.9802322387695315e-8,"z":-4.470348358154297e-8},"rotation":{"x":0.1642056703567505,"y":-0.023672394454479219,"z":0.003942269831895828,"w":0.9861387610435486},"size":1.3992829322814942,"orthographic":true}