{"cameraMode":{"drawMode":0,"name":"Shaded","section":"Shading Mode"},"sceneLighting":false,"audioPlay":false,"sceneViewState":{"showFog":true,"showMaterialUpdate":false,"showSkybox":false,"showFlares":true,"showImageEffects":true,"showParticleSystems":true},"in2DMode":false,"pivot":{"x":-0.023175954818725587,"y":-0.010587692260742188,"z":-0.06794744729995728},"rotation":{"x":0.100324846804142,"y":-0.011940124444663525,"z":0.0012051031226292253,"w":0.99489825963974},"size":4.203658580780029,"orthographic":true}