{"cameraMode":{"drawMode":0,"name":"Shaded","section":"Shading Mode"},"sceneLighting":true,"audioPlay":false,"sceneViewState":{"showFog":true,"showMaterialUpdate":false,"showSkybox":true,"showFlares":true,"showImageEffects":true,"showParticleSystems":true},"in2DMode":false,"pivot":{"x":2.461618423461914,"y":0.2930089831352234,"z":29.617111206054689},"rotation":{"x":0.1998717039823532,"y":-0.32911133766174319,"z":0.07149127125740051,"w":0.9201295971870422},"size":134.4029998779297,"orthographic":true}